file_name,filing_date,category,sentiment,impact_score,evidence
0001045810-19-000023_nvda-2019x10k.htm,2019-02-21,Capital_Return_Policy,Positive,1.33,"We intend to return $3.00 billion to shareholders by the end of fiscal year 2020, including $700 million in share repurchases; In November 2018, the Board authorized an additional $7.00 billion under our share repurchase program and extended it through the end of December 2022; In November 2018, we also announced a 7% increase in our quarterly cash dividend to $0.16 per share from $0.15 per share."
0001045810-19-000023_nvda-2019x10k.htm,2019-02-21,Legal_or_ESG_Issues,Negative,-1.0,"Securities Class Action and Derivative Lawsuits; The plaintiff is seeking unspecified damages and other relief, including reforms and improvements to NVIDIA’s corporate governance and internal procedures; The lawsuits assert claims for breach of fiduciary duty, unjust enrichment, insider trading, misappropriation of information, corporate waste and violations of Sections 14(a), 10(b), and 20(a) of the Exchange Act"
0001045810-19-000029_form8-kfy2020variablecompp.htm,2019-03-11,Insider_or_Ownership_Change,Positive,1.0,"approved a new form of global performance-based restricted stock unit notice and global performance-based restricted stock unit agreement; The Compensation Committee has set the Performance Goals for fiscal year 2020 based upon the achievement of specified fiscal year 2020 revenue and has established threshold, base operating plan, and stretch operating plan levels."
0001045810-19-000031_mellanoxform8-k.htm,2019-03-11,Regulatory_Problems,Negative,-2.0,"NVIDIA is not required to make any divestiture or accept any behavioral remedy (a) that would reasonably be anticipated to have a material adverse impact on the business of Mellanox; If the Merger Agreement is terminated under certain circumstances involving the failure to obtain required regulatory approvals, Parent will be obligated to pay Mellanox a termination fee equal to $350 million in cash."
0001045810-19-000031_mellanoxform8-k.htm,2019-03-11,Strategic_Announcements,Positive,2.0,"NVIDIA Corporation... entered into an Agreement and Plan of Merger... with Mellanox Technologies Ltd.; NVIDIA or its designee will acquire, from the Sellers, all of the allotted and issued ordinary shares of Arm"
0001045810-19-000060_form8-kneal.htm,2019-04-01,Insider_or_Ownership_Change,Neutral,0.0,"Stephen C. Neal was appointed to the Board of Directors of NVIDIA Corporation"
0001045810-19-000077_form8-kq1fy20.htm,2019-05-16,Earnings_Surprise,Negative,-1.0,"Revenue for the first quarter of fiscal year 2020 decreased 31% year over year; Revenue decreased 31% year over year"
0001045810-19-000079_nvda2020q110q.htm,2019-05-16,Capital_Return_Policy,Positive,1.0,"we intend to return $3.00 billion to shareholders by the end of fiscal year 2020; we returned $97 million in quarterly cash dividends"
0001045810-19-000079_nvda2020q110q.htm,2019-05-16,Credit_or_Capital_Structure,Neutral,0.0,"increase the number of authorized shares of common stock"
0001045810-19-000079_nvda2020q110q.htm,2019-05-16,Earnings_Surprise,Negative,-1.0,"Revenue for the first quarter of fiscal year 2020 decreased 31% year over year; Revenue decreased 31% year over year; Gross margin for the first quarter of fiscal year 2020 was 58.4%"
0001045810-19-000079_nvda2020q110q.htm,2019-05-16,Legal_or_ESG_Issues,Negative,-1.0,"Litigation Securities Class Action and Derivative Lawsuits; The lawsuit asserts claims for breach of fiduciary duty, unjust enrichment, waste of corporate assets, and violations of Sections 14(a), 10(b), and 20(a) of the Exchange Act; The plaintiff is seeking unspecified damages and other relief, including reforms and improvements to NVIDIA’s corporate governance and internal procedures."
0001045810-19-000079_nvda2020q110q.htm,2019-05-16,Regulatory_Problems,Negative,-2.0,"If the Merger Agreement is terminated under certain circumstances involving the failure to obtain required regulatory approvals, we could be obligated to pay Mellanox a termination fee of $350 million"
0001045810-19-000079_nvda2020q110q.htm,2019-05-16,Strategic_Announcements,Neutral,0.0,"unveiled the NVIDIA Omniverse open-collaboration platform to simplify creative workflows for content creation; announced availability of NVIDIA T4 Tensor Core GPUs from leading OEMs and Amazon Web Services; partnered with Toyota Research Institute-Advanced Development to develop, train and validate self-driving vehicles"
0001045810-19-000107_a8-k2019annualmeetingresul.htm,2019-05-29,Insider_or_Ownership_Change,Neutral,0.0,"Stockholders approved the election of each of our twelve (12) directors to serve for a one-year term"
0001045810-19-000112_form8-kdrobertson.htm,2019-06-17,Insider_or_Ownership_Change,Neutral,0.0,"appointed Donald F. Robertson Jr. as Vice President, Chief Accounting Officer and Principal Accounting Officer of NVIDIA"
0001045810-19-000140_form8-kq2fy20.htm,2019-08-15,Earnings_Surprise,Negative,-1.0,"Revenue for the second quarter of fiscal year 2020 decreased 17% year over year"
0001045810-19-000144_nvda2020q210q.htm,2019-08-15,Capital_Return_Policy,Positive,1.0,"we returned $195 million in quarterly cash dividends; We intend to return the remaining $2.11 billion through a combination of share repurchases and cash dividends"
0001045810-19-000144_nvda2020q210q.htm,2019-08-15,Earnings_Surprise,Negative,-1.0,"Revenue for the second quarter of fiscal year 2020 decreased 17% year over year; Our overall gross margin decreased to 59.8% for the second quarter of fiscal year 2020 from 63.3%; Gaming revenue was $1.31 billion , down 27% from a year ago"
0001045810-19-000144_nvda2020q210q.htm,2019-08-15,Legal_or_ESG_Issues,Negative,-1.0,"Securities Class Action and Derivative Lawsuits; The lawsuit asserts claims for breach of fiduciary duty, unjust enrichment, waste of corporate assets, and violations of Sections 14(a), 10(b), and 20(a) of the Exchange Act; The plaintiffs seek unspecified damages and other relief, including reforms and improvements to NVIDIA’s corporate governance and internal procedures."
0001045810-19-000144_nvda2020q210q.htm,2019-08-15,Regulatory_Problems,Negative,-2.0,"If the Merger Agreement is terminated under certain circumstances involving the failure to obtain the required regulatory approvals, we could be obligated to pay Mellanox a termination fee of $350 million"
0001045810-19-000144_nvda2020q210q.htm,2019-08-15,Strategic_Announcements,Positive,1.0,"Volvo Group announced that it is using the NVIDIA DRIVE end-to-end autonomous driving platform to train networks in the data center"
0001045810-19-000170_nvda2020q310q.htm,2019-11-14,Capital_Return_Policy,Positive,1.0,"we intend to return $3.00 billion to shareholders by the end of fiscal year 2020, including $700 million in share repurchases; In the first nine months of fiscal year 2020, we returned $292 million in quarterly cash dividends"
0001045810-19-000170_nvda2020q310q.htm,2019-11-14,Earnings_Surprise,Positive,1.0,"Revenue for the third quarter of fiscal year 2020 was $4.73 billion, up 57% from a year earlier and up 22% sequentially; Gross margin for the third quarter of fiscal year 2020 was 63.6%; Net income and net income per diluted share for the third quarter of fiscal year 2020 were $899 million and $1.45 , respectively"
0001045810-19-000170_nvda2020q310q.htm,2019-11-14,Legal_or_ESG_Issues,Negative,-1.0,"Securities Class Action and Derivative Lawsuits; The lawsuit asserts claims for breach of fiduciary duty, unjust enrichment, waste of corporate assets, and violations of Sections 14(a), 10(b), and 20(a) of the Exchange Act; The plaintiff is seeking unspecified damages and other relief, including reforms and improvements to NVIDIA’s corporate governance and internal procedures."
0001045810-19-000170_nvda2020q310q.htm,2019-11-14,Regulatory_Problems,Negative,-2.0,"If the Merger Agreement is terminated under certain circumstances involving the failure to obtain the required regulatory approvals, we could be obligated to pay Mellanox a termination fee of $350 million"
0001045810-19-000170_nvda2020q310q.htm,2019-11-14,Strategic_Announcements,Positive,1.0,"In our Data Center platform, we launched the NVIDIA EGX Intelligent Edge Computing Platform; announced a collaboration to integrate Microsoft Azure with EGX; launched Xavier NX, an AI supercomputer for robotic and embedded computing devices at the edge"
0001045810-19-000168_form8-kq3fy20.htm,2019-11-14,Earnings_Surprise,Neutral,0.0,"issued a press release announcing its results for the quarter ended October 27, 2019"
0001045810-20-000007_form8-kq4fy20.htm,2020-02-13,Earnings_Surprise,Neutral,0.0,"issued a press release announcing its results for the quarter and fiscal year ended January 26, 2020"
0001045810-20-000010_nvda-2020x10k.htm,2020-02-20,Capital_Return_Policy,Neutral,0.67,"In fiscal year 2020, we returned $390 million in quarterly cash dividends; We intend to return to repurchasing shares after closing the acquisition of Mellanox; As of January 26, 2020, we are authorized, subject to certain specifications, to repurchase shares of our common stock up to $7.24 billion through December 2022"
0001045810-20-000010_nvda-2020x10k.htm,2020-02-20,Earnings_Surprise,Negative,-1.0,"Revenue for fiscal year 2020 was $10.92 billion, down 7% from a year earlier; Gaming revenue was $5.52 billion, down 12% from a year ago; Net income and net income per diluted share for fiscal year 2020 were $2.80 billion and $4.52, respectively, both down 32% from a year earlier"
0001045810-20-000010_nvda-2020x10k.htm,2020-02-20,Legal_or_ESG_Issues,Negative,-1.0,"Securities Class Action and Derivative Lawsuits; The lawsuit asserts claims for breach of fiduciary duty, unjust enrichment, waste of corporate assets, and violations of Sections 14(a), 10(b), and 20(a) of the Exchange Act; The lawsuits assert claims for breach of fiduciary duty, unjust enrichment, insider trading, misappropriation of information, corporate waste and violations of Sections 14(a), 10(b), and 20(a) of the Exchange Act"
0001045810-20-000010_nvda-2020x10k.htm,2020-02-20,New_Material_Risk,Negative,-1.0,"The coronavirus is expected to have a negative effect on our financial results, though the full extent and duration is uncertain and could have a material negative impact on our business."
0001045810-20-000010_nvda-2020x10k.htm,2020-02-20,Regulatory_Problems,Negative,-2.0,"If the Merger Agreement is terminated under certain circumstances involving the failure to obtain the required regulatory approvals, we could be obligated to pay Mellanox a termination fee of $350 million"
0001045810-20-000010_nvda-2020x10k.htm,2020-02-20,Strategic_Announcements,Positive,1.0,"We are in the process of acquiring Mellanox Technologies Ltd.; we introduced the NVIDIA CUDA-X AI platform for accelerating data science; announced support for Arm CPUs, providing a new path to build AI-enabled exascale supercomputers"
0001045810-20-000033_form8-kfy2021variablec.htm,2020-03-10,Insider_or_Ownership_Change,Positive,1.0,"adopted the Variable Compensation Plan for Fiscal Year 2021... which provides eligible executive officers the opportunity to earn a variable cash payment based on the level of achievement by the Company of certain corporate performance goals"
0001193125-20-092939_d904626d8k.htm,2020-03-31,Credit_or_Capital_Structure,Neutral,0.0,"to issue and sell $5.0 billion aggregate principal amount of unsecured notes"
0001045810-20-000048_mellanoxantitrustappro.htm,2020-04-17,Strategic_Announcements,Positive,2.0,"received approval from the Anti-Monopoly Bureau of the State Administration for Market Regulation of the People’s Republic of China of the previously announced proposed acquisition of Mellanox"
0001045810-20-000052_form8-kmellanoxclosing.htm,2020-04-27,Strategic_Announcements,Positive,2.0,"completed its previously announced acquisition of Mellanox Technologies, Ltd."
0001045810-20-000063_nvda-20200521.htm,2020-05-21,Earnings_Surprise,Neutral,0.0,"issued a press release announcing its results for the quarter ended April 26, 2020"
0001045810-20-000065_nvda-20200426.htm,2020-05-21,Capital_Return_Policy,Neutral,0.0,"In the first quarter of fiscal year 2021, we returned $98 million in quarterly cash dividends; we are evaluating the timing of resuming share repurchases and will remain nimble based on market conditions"
0001045810-20-000065_nvda-20200426.htm,2020-05-21,Earnings_Surprise,Positive,1.0,"Revenue for the first quarter was $3.08 billion, up 39% from a year earlier"
0001045810-20-000065_nvda-20200426.htm,2020-05-21,Legal_or_ESG_Issues,Negative,-1.0,"The spread of COVID-19 has caused us to modify our business practices (including employee travel, mandatory work-from-home policies and cancellation of physical participation in meetings, events and conferences)"
0001045810-20-000065_nvda-20200426.htm,2020-05-21,New_Material_Risk,Negative,-1.0,"The full extent and duration of COVID-19 is uncertain. If the COVID-19 pandemic continues for an extended period, the timing and overall demand from customers and the availability of supply chain, logistical services and component supply could have a material net negative impact on our business and financial results."
0001045810-20-000065_nvda-20200426.htm,2020-05-21,Regulatory_Problems,Negative,-2.0,"If the Merger Agreement is terminated under certain circumstances involving the failure to obtain required regulatory approvals, we could be obligated to pay Mellanox a termination fee of $350 million"
0001045810-20-000065_nvda-20200426.htm,2020-05-21,Strategic_Announcements,Positive,1.0,"introduced NVIDIA A100 data center GPU, the first based on the NVIDIA Ampere architecture; subsequent to the end of the first quarter of fiscal year 2021, we closed the acquisition of Mellanox"
0001045810-20-000103_a8-k2020annualmeetingr.htm,2020-06-15,Insider_or_Ownership_Change,Positive,1.0,"stockholders approved an amendment and restatement of the NVIDIA Corporation Amended and Restated 2007 Equity Incentive Plan; stockholders also approved an amendment and restatement of the NVIDIA Corporation Amended and Restated 2012 Employee Stock Purchase Plan"
0001045810-20-000127_nvda-20200713.htm,2020-07-13,Insider_or_Ownership_Change,Neutral,0.0,"John Dabiri was appointed to the Board of Directors of NVIDIA Corporation"
0001045810-20-000145_nvda-20200819.htm,2020-08-19,Earnings_Surprise,Neutral,0.0,"issued a press release announcing its results for the quarter ended July 26, 2020"
0001045810-20-000147_nvda-20200726.htm,2020-08-19,Capital_Return_Policy,Positive,1.0,"In the first half of fiscal year 2021, we paid $197 million in quarterly cash dividends"
0001045810-20-000147_nvda-20200726.htm,2020-08-19,Earnings_Surprise,Positive,1.0,"Revenue for the second quarter of fiscal year 2021 was $3.87 billion, up 50% from a year earlier and up 26% sequentially; The increase in our effective tax rate for the second quarter and first half of fiscal year 2021 as compared to the same periods of fiscal year 2020 was primarily due to a decrease in the proportional amount of earnings subject to U.S. tax and an increase of tax benefits from stock-based compensation and the U.S. federal research tax credit; Revenue for the second quarter of fiscal year 2021 compared to the second quarter of fiscal year 2020 increased by 130% and revenue for the first half of fiscal year 2021 compared to the first half of fiscal year 2020 increased by 101%"
0001045810-20-000147_nvda-20200726.htm,2020-08-19,Legal_or_ESG_Issues,Negative,-1.0,"COVID-19 related restrictions and closures; The spread of COVID-19 has caused us to modify our business practices (including employee travel, mandatory work-from-home policies and cancellation of physical participation in meetings, events and conferences); Many industries we serve are adversely impacted, including higher education research, energy, manufacturing, automotive, architecture, engineering, and media"
0001045810-20-000147_nvda-20200726.htm,2020-08-19,New_Material_Risk,Negative,-1.0,"The full extent and duration of COVID-19 is uncertain; The global pandemic of COVID-19 continues to rapidly evolve; Factors related to the COVID-19 pandemic have reduced demand for some of our products and may continue to do so."
0001045810-20-000147_nvda-20200726.htm,2020-08-19,Regulatory_Problems,Negative,-2.0,"If the Merger Agreement is terminated under certain circumstances involving the failure to obtain the required regulatory approvals, we could be obligated to pay Mellanox a termination fee of $350 million"
0001045810-20-000147_nvda-20200726.htm,2020-08-19,Strategic_Announcements,Positive,1.0,"we closed the acquisition of Mellanox; NVIDIA DRIVE AV autonomous driving software and AGX Orin AV computer; NVIDIA Mellanox UFM Cyber-AI Platform"
0001193125-20-244601_d13958d8k.htm,2020-09-14,Regulatory_Problems,Negative,-2.0,"the risk that the transaction may not be completed in a timely manner or at all, which may adversely affect NVIDIA’s business and the price of its stock; The potential for regulatory authorities to require divestitures, behavioral remedies or other concessions in order to obtain their approval of the proposed transaction; The occurrence of any event, change or other circumstance that could give rise to the termination of the Purchase Agreement"
0001193125-20-244601_d13958d8k.htm,2020-09-14,Strategic_Announcements,Positive,2.0,"NVIDIA Corporation... entered into a Share Purchase Agreement... with Arm Limited... to acquire... all of the allotted and issued ordinary shares of Arm in a transaction valued at $40 billion; issue restricted stock units covering NVIDIA Stock with an aggregate value not to exceed $1.5 billion to employees of Arm following the Closing"
0001045810-20-000181_nvda-20201109.htm,2020-11-09,Insider_or_Ownership_Change,Neutral,0.0,"Aarti Shah was appointed to the Board of Directors of NVIDIA Corporation"
0001045810-20-000187_nvda-20201118.htm,2020-11-18,Earnings_Surprise,Neutral,0.0,"issued a press release announcing its results for the quarter ended October 25, 2020"
0001045810-20-000189_nvda-20201025.htm,2020-11-18,Capital_Return_Policy,Positive,1.0,"In the first nine months of fiscal year 2021, we paid $296 million in quarterly cash dividends; We intend to return the remaining $2.01 billion through a combination of share repurchases and cash dividends"
0001045810-20-000189_nvda-20201025.htm,2020-11-18,Earnings_Surprise,Positive,1.0,"Revenue for the third quarter of fiscal year 2021 was $4.73 billion, up 57% from a year earlier and up 22% sequentially; Net income and net income per diluted share for the third quarter of fiscal year 2021 were $1.34 billion and $2.12 , respectively, up 63% and 61% , respectively; Our overall gross margin increased to 62.0% for the first nine months of fiscal year 2021 from 60.8%"
0001045810-20-000189_nvda-20201025.htm,2020-11-18,Legal_or_ESG_Issues,Negative,-1.0,"Securities Class Action and Derivative Lawsuits; The lawsuit asserts claims for breach of fiduciary duty, unjust enrichment, waste of corporate assets, and violations of Sections 14(a), 10(b), and 20(a) of the Exchange Act; The lawsuits assert claims for breach of fiduciary duty, unjust enrichment, insider trading, misappropriation of information, corporate waste and violations of Sections 14(a), 10(b), and 20(a) of the Exchange Act"
0001045810-20-000189_nvda-20201025.htm,2020-11-18,New_Material_Risk,Negative,-1.0,"The COVID-19 pandemic continues to impact our business; In some regions, markets, or industries, where COVID-19 has driven an increase in sales for our products, the demand may not be sustainable if conditions change."
0001045810-20-000189_nvda-20201025.htm,2020-11-18,Regulatory_Problems,Negative,-2.0,"If the Purchase Agreement is terminated under certain circumstances, we will be refunded $1.25 billion of the Signing Consideration"
0001045810-20-000189_nvda-20201025.htm,2020-11-18,Strategic_Announcements,Negative,-3.0,"termination of the Share Purchase Agreement"
0001045810-21-000007_nvda-20210224.htm,2021-02-24,Earnings_Surprise,Neutral,0.0,"issued a press release announcing its results for the quarter and fiscal year ended January 31, 2021"
0001045810-21-000010_nvda-20210131.htm,2021-02-26,Capital_Return_Policy,Neutral,0.0,"In fiscal year 2021, we paid $395 million in quarterly cash dividends; we are authorized, subject to certain specifications, to repurchase shares of our common stock up to $7.24 billion through December 2022"
0001045810-21-000010_nvda-20210131.htm,2021-02-26,Earnings_Surprise,Positive,1.0,"Revenue for fiscal year 2021 was $16.68 billion, up 53% from a year earlier; Net income and net income per diluted share for fiscal year 2021 were $4.33 billion and $6.90, respectively, up 55% and 53%; Our overall gross margin was 62.3%"
0001045810-21-000010_nvda-20210131.htm,2021-02-26,Legal_or_ESG_Issues,Negative,-1.0,"Securities Class Action and Derivative Lawsuits; The lawsuit asserts claims for breach of fiduciary duty, unjust enrichment, waste of corporate assets, and violations of Sections 14(a), 10(b), and 20(a) of the Exchange Act; The lawsuits assert claims for breach of fiduciary duty, unjust enrichment, insider trading, misappropriation of information, corporate waste and violations of Sections 14(a), 10(b), and 20(a) of the Exchange Act"
0001045810-21-000010_nvda-20210131.htm,2021-02-26,New_Material_Risk,Negative,-1.0,"The full extent and duration of COVID-19 is uncertain; The COVID-19 pandemic has increased economic and demand uncertainty; The global nature of our business subjects us to a number of risks and uncertainties, which could have a material adverse effect on our business, financial condition and results of operations"
0001045810-21-000010_nvda-20210131.htm,2021-02-26,Regulatory_Problems,Negative,-2.0,"If the Purchase Agreement is terminated under certain circumstances, we will be refunded $1.25 billion of the Signing Consideration"
0001045810-21-000010_nvda-20210131.htm,2021-02-26,Strategic_Announcements,Negative,-3.0,"Termination of the Arm Share Purchase Agreement"
0001045810-21-000034_nvda-20210315.htm,2021-03-19,Insider_or_Ownership_Change,Positive,1.0,"adopted the Variable Compensation Plan for Fiscal Year 2022, or the 2022 Plan, which provides eligible executive officers the opportunity to earn a variable cash payment based on the level of achievement by the Company of certain corporate performance goals"
0001045810-21-000047_nvda-20210412.htm,2021-04-12,Earnings_Surprise,Neutral,0.0,"issued a press release updating its outlook for the fiscal quarter ending May 2, 2021"
0001045810-21-000056_nvda-20210521.htm,2021-05-21,Capital_Return_Policy,Positive,2.0,"declared a four-for-one split of Company’s common stock in the form of a stock dividend"
0001045810-21-000063_nvda-20210526.htm,2021-05-26,Earnings_Surprise,Neutral,0.0,"issued a press release announcing its results for the quarter ended May 2, 2021"
0001045810-21-000064_nvda-20210502.htm,2021-05-26,Capital_Return_Policy,Positive,1.0,"we paid $99 million in quarterly cash dividends; we were authorized, subject to certain specifications, to repurchase additional shares of our common stock up to $7.24 billion through December 2022"
0001045810-21-000064_nvda-20210502.htm,2021-05-26,Earnings_Surprise,Positive,1.0,"Revenue for the first quarter of fiscal year 2022 was $5.66 billion, up 84% from a year earlier; Our overall gross margin decreased to 64.1% for the first quarter of fiscal year 2022 from 65.1%; Net income per diluted share for the first quarter of fiscal year 2022 were $1.47, up 130% from a year earlier"
0001045810-21-000064_nvda-20210502.htm,2021-05-26,Legal_or_ESG_Issues,Negative,-1.0,"The spread of COVID-19 has caused us to modify our business practices (including employee travel, mandatory work-from-home policies and cancellation of physical participation in meetings, events and conferences); The lawsuit asserts claims for breach of fiduciary duty, unjust enrichment, waste of corporate assets, and violations of Sections 14(a), 10(b), and 20(a) of the Exchange Act; The plaintiff is seeking unspecified damages and other relief, including reforms and improvements to NVIDIA’s corporate governance and internal procedures."
0001045810-21-000064_nvda-20210502.htm,2021-05-26,New_Material_Risk,Negative,-1.0,"The COVID-19 pandemic continues to impact our business and could materially adversely affect our financial condition and results of operations; The ultimate impact of the COVID-19 pandemic or a similar health epidemic is highly uncertain and subject to change; The manufacture of product components, the final assembly of our products and other critical operations are concentrated in certain geographic locations, including Taiwan, China, Hong Kong, Israel and Korea"
0001045810-21-000064_nvda-20210502.htm,2021-05-26,Regulatory_Problems,Negative,-2.0,"If the Purchase Agreement is terminated under certain circumstances, we will be refunded $1.25 billion of the Signing Consideration"
0001045810-21-000064_nvda-20210502.htm,2021-05-26,Strategic_Announcements,Positive,1.0,"we are partnering with Toyota Research Institute-Advanced Development to develop, train and validate self-driving vehicles; unveiled the NVIDIA DRIVE AP2X automated driving solution; announced expanded adoption of NVIDIA RTX ray-tracing technology by top 3D application providers"
0001045810-21-000075_nvda-20210603.htm,2021-06-07,Strategic_Announcements,Neutral,0.0,"stockholders approved an amendment to our Amended and Restated Certificate of Incorporation, or the Amendment, to increase the number of authorized shares of common stock from 2 billion to 4 billion"
0001193125-21-192149_d80739d8k.htm,2021-06-16,Credit_or_Capital_Structure,Neutral,0.0,"to issue and sell $5.0 billion aggregate principal amount of unsecured notes"
0001045810-21-000117_nvda-20210628.htm,2021-06-28,Business_Direction_Change,Neutral,0.0,"completed a simplification of its corporate structure by repatriating the economic rights of certain non-U.S. intellectual property to the United States via domestication of a foreign subsidiary"
0001045810-21-000128_nvda-20210818.htm,2021-08-18,Earnings_Surprise,Neutral,0.0,"issued a press release announcing its results for the quarter ended August 1, 2021"
0001045810-21-000131_nvda-20210801.htm,2021-08-20,Capital_Return_Policy,Positive,1.0,"paid $198 million in quarterly cash dividends; we were authorized, subject to certain specifications, to repurchase additional shares of our common stock up to $7.24 billion through December 2022"
0001045810-21-000131_nvda-20210801.htm,2021-08-20,Earnings_Surprise,Positive,1.0,"Revenue for the second quarter of fiscal year 2022 was $6.51 billion, up 68% from a year earlier; Gross margin for the second quarter was up 600 basis points from a year earlier; Net income per diluted share for the second quarter of fiscal year 2022 was $0.94, up 276% from a year earlier"
0001045810-21-000131_nvda-20210801.htm,2021-08-20,Legal_or_ESG_Issues,Negative,-1.0,"The spread of COVID-19 has caused us to modify our business practices (including employee travel, mandatory work-from-home policies and cancellation of physical participation in meetings, events and conferences); The lawsuit asserts claims for breach of fiduciary duty, unjust enrichment, waste of corporate assets, and violations of Sections 14(a), 10(b), and 20(a) of the Exchange Act; The plaintiff is seeking unspecified damages and other relief, including reforms and improvements to NVIDIA’s corporate governance and internal procedures."
0001045810-21-000131_nvda-20210801.htm,2021-08-20,New_Material_Risk,Negative,-1.0,"The COVID-19 pandemic continues to impact our business and could materially adversely affect our financial condition and results of operations; The ultimate impact of the COVID-19 pandemic or a similar health epidemic is highly uncertain and subject to change; Additionally, stronger demand globally has limited the availability of capacity and components in our supply chain, particularly in Gaming"
0001045810-21-000131_nvda-20210801.htm,2021-08-20,Regulatory_Problems,Negative,-2.0,"If the Purchase Agreement is terminated under certain circumstances, we will be refunded $1.25 billion of the Signing Consideration"
0001045810-21-000131_nvda-20210801.htm,2021-08-20,Strategic_Announcements,Positive,1.0,"we introduced GeForce RTX 3080 Ti and GeForce RTX 3070 Ti; unveiled NVIDIA Base Command and Fleet Command; announced that NVIDIA DRIVE autonomous driving technology is powering a range of electric vehicles"
0001045810-21-000160_nvda-20211117.htm,2021-11-17,Earnings_Surprise,Neutral,0.0,"issued a press release announcing its results for the quarter ended October 31, 2021"
0001045810-21-000163_nvda-20211031.htm,2021-11-22,Capital_Return_Policy,Positive,1.0,"we paid $298 million in quarterly cash dividends; we were authorized, subject to certain specifications, to repurchase additional shares of our common stock up to $7.24 billion through December 2022"
0001045810-21-000163_nvda-20211122.htm,2021-11-22,Earnings_Surprise,Positive,1.0,"Revenue for the third quarter of fiscal year 2022 was $7.10 billion, up 50% from a year earlier; Gross margin for the third quarter was up 260 basis points from a year earlier; Net income per diluted share was $0.97, up 83% from a year earlier"
0001045810-21-000163_nvda-20211031.htm,2021-11-22,Legal_or_ESG_Issues,Negative,-1.0,"Securities Class Action and Derivative Lawsuits; The lawsuit asserts claims for breach of fiduciary duty, unjust enrichment, waste of corporate assets, and violations of Sections 14(a), 10(b), and 20(a) of the Exchange Act; The lawsuits assert claims for breach of fiduciary duty, unjust enrichment, insider trading, misappropriation of information, corporate waste and violations of Sections 14(a), 10(b), and 20(a) of the Exchange Act"
0001045810-21-000163_nvda-20211031.htm,2021-11-22,New_Material_Risk,Negative,-1.0,"The COVID-19 pandemic continues to evolve and affect our business and financial results; The ultimate impact of the COVID-19 pandemic or a similar health epidemic is highly uncertain and subject to change; The manufacture of product components, the final assembly of our products and other critical operations are concentrated in certain geographic locations"
0001045810-21-000163_nvda-20211031.htm,2021-11-22,Regulatory_Problems,Negative,-2.0,"If the transaction does not close due to failure to receive regulatory approval, and all other covenants have been met, we will not be refunded $1.25 billion of the advanced consideration for the acquisition we paid at signing"
0001045810-21-000163_nvda-20211031.htm,2021-11-22,Strategic_Announcements,Positive,1.0,"announced general availability of NVIDIA Omniverse Enterprise; NVIDIA Quantum-2 400Gbps switch and end-to-end networking platform; NVIDIA Jetson AGX Orin for edge AI and autonomous machines"
0001045810-22-000005_nvda-20220208.htm,2022-02-08,Regulatory_Problems,Negative,-3.0,"mutually terminated the Share Purchase Agreement... because of significant regulatory challenges preventing the consummation of the transaction"
0001045810-22-000005_nvda-20220208.htm,2022-02-08,Strategic_Announcements,Negative,-3.0,"mutually terminated the Share Purchase Agreement... because of significant regulatory challenges preventing the consummation of the transaction"
0001045810-22-000008_nvda-20220216.htm,2022-02-16,Earnings_Surprise,Neutral,0.0,"issued a press release announcing its results for the quarter and fiscal year ended January 30, 2022"
0001045810-22-000036_nvda-20220130.htm,2022-03-18,Capital_Return_Policy,Neutral,0.0,"paid $399 million in quarterly cash dividends; we are authorized, subject to certain specifications, to repurchase additional shares of our common stock up to $7.24 billion through December 2022"
0001045810-22-000036_nvda-20220130.htm,2022-03-18,Earnings_Surprise,Positive,1.0,"Revenue for fiscal year 2022 was $26.91 billion, up 61% from a year ago; Net income and net income per diluted share were $9.75 billion and $3.85, up 125% and 123%; Our overall gross margin was 64.9% and 62.3% for fiscal years 2022 and 2021"
0001045810-22-000036_nvda-20220130.htm,2022-03-18,Legal_or_ESG_Issues,Negative,-1.0,"Securities Class Action and Derivative Lawsuits; The lawsuit asserts claims for breach of fiduciary duty, unjust enrichment, waste of corporate assets, and violations of Sections 14(a), 10(b), and 20(a) of the Exchange Act; The lawsuits assert claims for breach of fiduciary duty, unjust enrichment, insider trading, misappropriation of information, corporate waste and violations of Sections 14(a), 10(b), and 20(a) of the Exchange Act"
0001045810-22-000036_nvda-20220130.htm,2022-03-18,New_Material_Risk,Negative,-1.0,"The full extent and duration of COVID-19 is uncertain; The global nature of our business subjects us to a number of risks and uncertainties, which could have a material adverse effect on our business, financial condition and results of operations; The COVID-19 pandemic continued during fiscal year 2022."
0001045810-22-000036_nvda-20220130.htm,2022-03-18,Regulatory_Problems,Negative,-2.0,"If the Purchase Agreement is terminated under certain circumstances, we will be refunded $1.25 billion of the Signing Consideration"
0001045810-22-000036_nvda-20220130.htm,2022-03-18,Strategic_Announcements,Negative,-3.0,"Termination of the Arm Share Purchase Agreement"
0001045810-22-000073_nvda-20220525.htm,2022-05-25,Earnings_Surprise,Neutral,0.0,"issued a press release announcing its results for the quarter ended May 1, 2022"
0001045810-22-000079_nvda-20220501.htm,2022-05-27,Capital_Return_Policy,Positive,1.0,"During the first quarter of fiscal year 2023, we returned $2.00 billion in share repurchases and $100 million in cash dividends; On May 23, 2022, our Board of Directors increased and extended our share repurchase program to repurchase additional common stock up to a total of $15 billion through December 2023; During the first quarter of fiscal year 2023, we repurchased a total of 8.6 million shares for $ 2.00 billion"
0001045810-22-000079_nvda-20220501.htm,2022-05-27,Credit_or_Capital_Structure,Neutral,0.0,"Interest expense was $68 million and $53 million during the first quarter of fiscal years 2023 and 2022, respectively; As of May 1, 2022, we had outstanding: • $1.25 billion of Notes Due 2023; • $1.25 billion of Notes Due 2024"
0001045810-22-000079_nvda-20220501.htm,2022-05-27,Earnings_Surprise,Positive,1.0,"Revenue for the first quarter of fiscal year 2023 was $8.29 billion, up 46% from a year ago and up 8% sequentially; Net income per diluted share was $0.64, down 16% from a year ago and down 46% sequentially; GAAP gross margin was up 140 basis points from a year ago"
0001045810-22-000079_nvda-20220501.htm,2022-05-27,Legal_or_ESG_Issues,Negative,-1.0,"Settlement In May 2022, NVIDIA entered into a settlement with the SEC relating to MD&A disclosures... paid a $ 5.5 million civil penalty; Securities Class Action and Derivative Lawsuits; The lawsuit asserts claims for breach of fiduciary duty, unjust enrichment, waste of corporate assets, and violations of Sections 14(a), 10(b), and 20(a) of the Exchange Act"
0001045810-22-000079_nvda-20220501.htm,2022-05-27,New_Material_Risk,Negative,-1.0,"Volatility in the cryptocurrency market... have impacted and can in the future impact cryptocurrency mining and demand for our products; Changes to cryptocurrency standards and processes including, but not limited to, the pending Ethereum 2.0 standard may decrease the usage of GPUs for Ethereum mining; Recent COVID-19-related disruptions and lockdowns in China... as well as the war in Ukraine, have impacted end customer sales in China and EMEA"
0001045810-22-000079_nvda-20220501.htm,2022-05-27,Regulatory_Problems,Negative,-2.0,"Settlement In May 2022, NVIDIA entered into a settlement with the SEC relating to MD&A disclosures... paid a $ 5.5 million civil penalty; Administrative Order Issued By The SEC Member"
0001045810-22-000079_nvda-20220501.htm,2022-05-27,Strategic_Announcements,Negative,-1.0,"Termination of the Arm Share Purchase Agreement; We recorded an acquisition termination cost of $ 1.35 billion in the first quarter of fiscal year 2023"
0001045810-22-000133_nvda-20220808.htm,2022-08-08,Earnings_Surprise,Neutral,0.0,"issued a press release announcing selected preliminary financial results"
0001045810-22-000088_nvda-20220606.htm,2022-06-06,Capital_Return_Policy,Negative,-1.0,"increase the available share reserve by 51,500,000 shares"
0001045810-22-000088_nvda-20220606.htm,2022-06-06,Credit_or_Capital_Structure,Neutral,0.0,"increase the number of authorized shares of common stock from 4 billion to 8 billion."
0001045810-22-000088_nvda-20220606.htm,2022-06-06,Insider_or_Ownership_Change,Positive,0.0,"stockholders approved an amendment and restatement of our Amended and Restated 2007 Equity Incentive Plan; Stockholders approved the 2007 Plan."
0001045810-22-000166_nvda-20221030.htm,2022-11-18,Capital_Return_Policy,Positive,2.0,"repurchased 56 million shares for $8.99 billion; During the third quarter and first nine months of fiscal year 2023, we repurchased 28 million shares for $ 3.65 billion"
0001045810-22-000166_nvda-20221030.htm,2022-11-18,Earnings_Surprise,Negative,-1.0,"Revenue for the third quarter of fiscal year 2023 was $5.93 billion, down 17% from a year ago and down 12% sequentially; Net income per diluted share was $0.27, down 72% from a year ago and down 65% sequentially"
0001045810-22-000166_nvda-20221030.htm,2022-11-18,Legal_or_ESG_Issues,Negative,-1.0,"Securities Class Action and Derivative Lawsuits; The lawsuit asserts claims, purportedly on behalf of us, against certain officers and directors of the Company for breach of fiduciary duty"
0001045810-22-000166_nvda-20221030.htm,2022-11-18,New_Material_Risk,Negative,-1.0,"Volatility in the cryptocurrency market... has impacted and can in the future impact cryptocurrency mining and demand for our products; Changes to cryptocurrency standards and processes including, but not limited to, the pending Ethereum 2.0 standard may decrease the usage of GPUs for Ethereum mining"
0001045810-22-000166_nvda-20221030.htm,2022-11-18,Regulatory_Problems,Negative,-2.0,"Administrative Order Issued By The SEC Member"
0001045810-22-000166_nvda-20221030.htm,2022-11-18,Strategic_Announcements,Positive,1.0,"unveiled the NVIDIA Hopper GPU architecture and its first products based on the architecture including the NVIDIA H100 Tensor Core GPU and the fourth-generation NVIDIA DGX system; NVIDIA DRIVE Thor"
0001045810-23-000014_nvda-20230222.htm,2023-02-22,Earnings_Surprise,Neutral,0.0,"issued a press release announcing its results for the quarter and fiscal year ended January 29, 2023"
0001045810-23-000021_nvda-20230129.htm,2023-03-29,Capital_Return_Policy,Neutral,0.7,"During fiscal year 2023, we returned $10.44 billion to shareholders in the form of share repurchases and cash dividends; we are authorized, subject to certain specifications, to repurchase additional shares of our common stock up to $7.24 billion through December 2023"
0001045810-23-000021_nvda-20230129.htm,2023-03-29,Earnings_Surprise,Negative,-1.0,"Revenue for fiscal year 2023 was $26.97 billion, a 0.2% increase from a year ago; Net income and net income per diluted share for fiscal year 2023 were $4.37 billion and $1.74, down 55% and 52%"
0001045810-23-000021_nvda-20230129.htm,2023-03-29,Legal_or_ESG_Issues,Negative,-1.0,"Securities Class Action and Derivative Lawsuits; The lawsuit asserts claims, purportedly on behalf of us, against certain officers and directors of the Company for breach of fiduciary duty"
0001045810-23-000021_nvda-20230129.htm,2023-03-29,New_Material_Risk,Negative,-1.0,"The current macroeconomic and geopolitical environment has increased levels of economic and political unpredictability; Volatility in the cryptocurrency market... has impacted and can in the future impact cryptocurrency mining and demand for our products"
0001045810-23-000021_nvda-20230129.htm,2023-03-29,Regulatory_Problems,Negative,-2.0,"Settlement In May 2022, NVIDIA entered into a settlement with the SEC relating to MD&A disclosures... paid a $ 5.5 million civil penalty; If the Purchase Agreement is terminated under certain circumstances, we will be refunded $1.25 billion of the Signing Consideration"
0001045810-23-000021_nvda-20230129.htm,2023-03-29,Strategic_Announcements,Negative,-1.0,"Termination of the Arm Share Purchase Agreement"
0001045810-23-000057_nvda-20230430.htm,2023-05-24,Earnings_Surprise,Neutral,0.0,"issued a press release announcing its results for the quarter ended April 30, 2023"
0001045810-23-000063_nvda-20230430.htm,2023-05-25,Capital_Return_Policy,Neutral,0.0,"During the first quarter of fiscal year 2024, we returned $99 million in cash dividends; As of April 30, 2023, we were authorized, subject to certain specifications, to repurchase additional shares of our common stock up to $7.23 billion through December 2023"
0001045810-23-000063_nvda-20230430.htm,2023-05-25,Earnings_Surprise,Positive,1.0,"Revenue for the first quarter of fiscal year 2024 was $7.19 billion, down 13% from a year ago and down 9% sequentially; Net income per diluted share was $0.82, down 20% from a year ago and up 28% sequentially; The decrease in the effective tax rate was primarily due to the tax impact of the Arm acquisition termination cost recorded in the first quarter of fiscal year 2023, which did not result in a tax benefit"
0001045810-23-000063_nvda-20230430.htm,2023-05-25,New_Material_Risk,Negative,-1.0,"Volatility in the cryptocurrency market... has impacted and can in the future impact cryptocurrency mining and demand for our products; Changes to cryptocurrency standards and processes including, but not limited to, the pending Ethereum 2.0 standard may decrease the usage of GPUs for Ethereum mining"
0001045810-23-000063_nvda-20230525.htm,2023-05-25,Strategic_Announcements,Neutral,0.0,"We expect to repay $1.25 billion of debt due in the second quarter of fiscal year 2024"
0001045810-23-000063_nvda-20230525.htm,2023-05-25,Credit_or_Capital_Structure,Neutral,0.0,"We expect to repay $1.25 billion of debt due in the second quarter of fiscal year 2024"
0001045810-23-000063_nvda-20230525.htm,2023-05-25,Legal_or_ESG_Issues,Negative,-1.0,"We are currently under examination by the Internal Revenue Service for our fiscal years 2018 and 2019"
0001045810-23-000104_nvda-20230730.htm,2023-08-22,Earnings_Surprise,Neutral,0.0,"issued a press release announcing its results for the quarter ended July 30, 2023"
0001045810-23-000114_nvda-20230730.htm,2023-08-23,Capital_Return_Policy,Positive,2.5,"On August 21, 2023, our Board of Directors approved an increase to our share repurchase program of an additional $25.00 billion, without expiration; During the second quarter and first half of fiscal year 2024, we returned $3.28 billion in share repurchases and $99 million and $199 million, respectively, in cash dividends"
0001045810-23-000114_nvda-20230730.htm,2023-08-23,Credit_or_Capital_Structure,Neutral,0.0,"Our aggregate debt maturities as of July 30, 2023, by year payable, are as follows"
0001045810-23-000114_nvda-20230730.htm,2023-08-23,Earnings_Surprise,Positive,1.0,"Revenue for the second quarter of fiscal year 2024 was $13.51 billion, up 101% from a year ago and up 88% sequentially; Net income per diluted share was $2.48, up 429% from a year ago and up 147% sequentially"
0001045810-23-000114_nvda-20230730.htm,2023-08-23,Legal_or_ESG_Issues,Negative,-1.0,"We are currently under examination by the Internal Revenue Service for our fiscal years 2018 and 2019"
0001045810-23-000114_nvda-20230730.htm,2023-08-23,New_Material_Risk,Negative,-1.0,"We expect to pay approximately $3.81 billion in cash taxes in the third quarter of fiscal year 2024 as we had previously deferred our federal income tax payments due to the disaster relief made available by the Internal Revenue Service for certain California taxpayers; Primarily based upon increased cash tax payments, we expect that our cash flow from operations will decline in the third quarter of fiscal year 2024 compared to the second quarter of fiscal year 2024; We believe that we may release the valuation allowance associated with certain state deferred tax assets in the near term"
0001045810-23-000114_nvda-20230823.htm,2023-08-23,Strategic_Announcements,Positive,1.0,"unveiled the NVIDIA Grace Hopper Superchip and the NVIDIA GH200 Grace Hopper Superchip Platform; announced the NVIDIA Spectrum-X Ethernet Platform"
0001045810-23-000146_nvda-20231029.htm,2023-11-21,Earnings_Surprise,Neutral,0.0,"issued a press release announcing its results for the quarter ended October 29, 2023"
0001045810-23-000155_nvda-20231029.htm,2023-11-21,Capital_Return_Policy,Positive,1.0,"repurchased 47 million shares for $14.1 billion; paid cash dividends to our shareholders of $100 million"
0001045810-23-000155_nvda-20231029.htm,2023-11-21,Earnings_Surprise,Positive,1.0,"Revenue for the third quarter of fiscal year 2024 was $18.12 billion, up 206% from a year ago and up 34% sequentially; Net income per diluted share was $3.71, up 1,259% from a year ago and up 53% sequentially; GAAP gross margin was 74.0%"
0001045810-23-000155_nvda-20231121.htm,2023-11-21,Legal_or_ESG_Issues,Negative,-1.0,"We are currently under examination by the Internal Revenue Service for our fiscal years 2018 and 2019"
0001045810-23-000155_nvda-20231029.htm,2023-11-21,New_Material_Risk,Neutral,0.0,"We expect to pay approximately $3.81 billion in cash taxes in the fourth quarter of fiscal year 2024 as we had previously deferred our federal income tax payments due to the disaster relief made available by the Internal Revenue Service for certain California taxpayers"
0001045810-23-000155_nvda-20231121.htm,2023-11-21,Strategic_Announcements,Positive,1.0,"introduced the NVIDIA H200 Tensor Core GPU; announced the NVIDIA HGX H200 platform"
0001045810-24-000030_nvda-20240128.htm,2024-02-21,Earnings_Surprise,Neutral,0.0,"issued a press release announcing its results for the quarter and fiscal year ended January 28, 2024"
0001045810-24-000043_nvda-20240128.htm,2024-02-21,Capital_Return_Policy,Positive,1.0,"repurchased 79 million shares for $10.03 billion; paid cash dividends to our shareholders of $397 million"
0001045810-24-000043_nvda-20240128.htm,2024-02-21,Earnings_Surprise,Positive,1.0,"Revenue for fiscal year 2024 was $60.92 billion, up 126% from a year ago; Net income and net income per diluted share for fiscal year 2024 were $29.76 billion and $11.93, up 581% and 586%; GAAP gross margin was 72.7% and 56.9% for fiscal years 2024 and 2023"
0001045810-24-000043_nvda-20240128.htm,2024-02-21,Legal_or_ESG_Issues,Negative,-1.0,"Securities Class Action and Derivative Lawsuits; The lawsuit asserts claims, purportedly on behalf of us, against certain officers and directors of the Company for breach of fiduciary duty"
0001045810-24-000043_nvda-20240128.htm,2024-02-21,New_Material_Risk,Negative,-1.0,"Volatility in the cryptocurrency market... has impacted and can in the future impact cryptocurrency mining and demand for our products; Changes to cryptocurrency standards and processes including, but not limited to, the pending Ethereum 2.0 standard may decrease the usage of GPUs for Ethereum mining"
0001045810-24-000043_nvda-20240128.htm,2024-02-21,Regulatory_Problems,Negative,-2.0,"Settlement In May 2022, NVIDIA entered into a settlement with the SEC relating to MD&A disclosures... paid a $ 5.5 million civil penalty; We have unrecognized tax benefits of $1.02 billion"
0001045810-24-000043_nvda-20240128.htm,2024-02-21,Strategic_Announcements,Positive,1.0,"unveiled the NVIDIA Grace Hopper Superchip and the NVIDIA GH200 Grace Hopper Superchip Platform; launched the NVIDIA H200 Tensor Core GPU"
0001045810-24-000049_nvda-20240428.htm,2024-05-22,Earnings_Surprise,Neutral,0.0,"issued a press release announcing its results for the quarter ended April 28, 2024"
0001045810-24-000073_nvda-20240428.htm,2024-05-23,Capital_Return_Policy,Neutral,1.0,"During the first quarter of fiscal year 2025, we returned $98 million in cash dividends; we were authorized, subject to certain specifications, to repurchase additional shares of our common stock up to $7.23 billion through December 2023"
0001045810-24-000073_nvda-20240428.htm,2024-05-23,Earnings_Surprise,Positive,1.0,"Revenue for the first quarter of fiscal year 2025 was $26.04 billion, up 262% from a year ago and up 18% sequentially; Net income per diluted share was $2.14, up 461% from a year ago and up 22% sequentially; GAAP gross margin was 78.4%"
0001045810-24-000073_nvda-20240523.htm,2024-05-23,Legal_or_ESG_Issues,Negative,-1.0,"We are currently under examination by the Internal Revenue Service for our fiscal years 2018 and 2019"
0001045810-24-000073_nvda-20240523.htm,2024-05-23,Strategic_Announcements,Positive,1.0,"announced a ten -for-one stock split; The Amendment... to increase the number of shares of the Company’s authorized common stock from 8.0 billion to 80.0 billion"
0001045810-24-000105_nvda-20240728.htm,2024-08-21,Earnings_Surprise,Neutral,0.0,"issued a press release announcing its results for the quarter ended July 28, 2024"
0001045810-24-000110_nvda-20240728.htm,2024-08-22,Capital_Return_Policy,Positive,2.0,"repurchased 34 million shares for $4.9 billion; paid cash dividends to our shareholders of $199 million"
0001045810-24-000110_nvda-20240728.htm,2024-08-22,Earnings_Surprise,Positive,1.0,"Revenue for the second quarter of fiscal year 2025 was $39.54 billion, up 170% from a year ago and up 52% sequentially; Net income per diluted share was $2.03, up 160% from a year ago and down 11% sequentially; GAAP gross margin was 79.7%"
0001045810-24-000110_nvda-20240822.htm,2024-08-22,Legal_or_ESG_Issues,Negative,-1.0,"We are currently under examination by the Internal Revenue Service for our fiscal years 2018 and 2019"
0001045810-24-000110_nvda-20240822.htm,2024-08-22,Strategic_Announcements,Positive,1.0,"unveiled the NVIDIA Blackwell architecture with the Blackwell GPU and the second generation Grace Blackwell Superchip (GB200); announced the NVIDIA Rubin platform"
0001045810-24-000147_nvda-20241027.htm,2024-11-20,Earnings_Surprise,Neutral,0.0,"issued a press release announcing its results for the quarter ended October 27, 2024"
0001045810-24-000150_nvda-20241027.htm,2024-11-21,Capital_Return_Policy,Positive,1.0,"repurchased 67 million and 193 million shares of our common stock for $9.7 billion and $24.2 billion during the second quarter and first half of fiscal year 2026, respectively; paid cash dividends to our shareholders of $244 million and $488 million during the second quarter and first half of fiscal year 2026, respectively"
0001045810-24-000150_nvda-20241027.htm,2024-11-21,Earnings_Surprise,Positive,1.0,"Revenue for the third quarter of fiscal year 2026 was $59.6 billion, up 151% from a year ago and up 51% sequentially; Net income per diluted share was $2.63, up 140% from a year ago and up 29% sequentially; GAAP gross margin was 81.3%"
0001045810-24-000150_nvda-20241121.htm,2024-11-21,Legal_or_ESG_Issues,Negative,-1.0,"We are currently under examination by the Internal Revenue Service for our fiscal years 2018 and 2019"
0001045810-24-000150_nvda-20241121.htm,2024-11-21,New_Material_Risk,Negative,-1.0,"The implementation of OBBBA in the second quarter of fiscal year 2025 resulted in a discrete tax benefit of $0.9 billion due to the release of a valuation allowance"
0001045810-24-000150_nvda-20241121.htm,2024-11-21,Strategic_Announcements,Positive,1.0,"unveiled the NVIDIA Blackwell architecture with the Blackwell GPU and the second generation Grace Blackwell Superchip (GB200); announced the NVIDIA Rubin platform"
0001045810-25-000030_nvda-20250126.htm,2025-02-21,Earnings_Surprise,Neutral,0.0,"issued a press release announcing its results for the quarter and fiscal year ended January 26, 2025"
0001045810-25-000041_nvda-20250126.htm,2025-02-21,Capital_Return_Policy,Positive,1.0,"repurchased 310 million shares of our common stock for $34.0 billion; paid cash dividends to our shareholders of $834 million"
0001045810-25-000041_nvda-20250126.htm,2025-02-21,Earnings_Surprise,Positive,1.0,"Revenue for fiscal year 2025 was $78.0 billion, up 131% from a year ago; Net income and net income per diluted share for fiscal year 2025 were $36.0 billion and $2.84, up 71% and 72%; GAAP gross margin was 79.5%"
0001045810-25-000041_nvda-20250221.htm,2025-02-21,Legal_or_ESG_Issues,Negative,-1.0,"Securities Class Action and Derivative Lawsuits; The lawsuit asserts claims, purportedly on behalf of us, against certain officers and directors of the Company for breach of fiduciary duty"
0001045810-25-000041_nvda-20250221.htm,2025-02-21,New_Material_Risk,Negative,-1.0,"The current macroeconomic and geopolitical environment has increased levels of economic and political unpredictability; Volatility in the cryptocurrency market... has impacted and can in the future impact cryptocurrency mining and demand for our products"
0001045810-25-000041_nvda-20250221.htm,2025-02-21,Regulatory_Problems,Negative,-2.0,"Settlement In May 2022, NVIDIA entered into a settlement with the SEC relating to MD&A disclosures... paid a $ 5.5 million civil penalty; We have unrecognized tax benefits of $2.2 billion"
0001045810-25-000041_nvda-20250221.htm,2025-02-21,Strategic_Announcements,Positive,1.0,"unveiled the NVIDIA Blackwell architecture with the Blackwell GPU and the second generation Grace Blackwell Superchip (GB200); announced the NVIDIA Rubin platform"
0001045810-25-000067_nvda-20250427.htm,2025-05-28,Earnings_Surprise,Neutral,0.0,"issued a press release announcing its results for the quarter ended April 27, 2025"
0001045810-25-000072_nvda-20250427.htm,2025-05-29,Capital_Return_Policy,Positive,2.0,"repurchased 126 million shares of our common stock for $14.5 billion; paid cash dividends to our shareholders of $244 million and $98 million during the first quarter of fiscal years 2026 and 2025, respectively"
0001045810-25-000072_nvda-20250529.htm,2025-05-29,Earnings_Surprise,Positive,1.0,"Revenue for the first quarter of fiscal year 2026 was $45.6 billion, up 75% from a year ago and up 16% sequentially; Net income per diluted share was $1.56, up 71% from a year ago and down 27% sequentially; GAAP gross margin was 81.3%"
0001045810-25-000072_nvda-20250529.htm,2025-05-29,Strategic_Announcements,Positive,2.0,"In June 2024, we executed a ten -for-one stock split of our common stock"